NaN,NaN,NaN,NaN,NaN,NaN,NaN,NaN
0,NaN,NaN,NaN,NaN,NaN,NaN,NaN
0,0.0822,NaN,NaN,NaN,NaN,NaN,NaN
0,0.2152,0.4076,NaN,NaN,NaN,NaN,NaN
0,0.3614,0.52,0.8634,NaN,NaN,NaN,NaN
0.0002,0.156,0.0234000000000001,0.0107999999999999,0.0498000000000001,NaN,NaN,NaN
0.82,0,0,0,0,0.00780000000000003,NaN,NaN
0.0702,0,0.000199999999999978,0,0,0,0.00140000000000007,NaN
